OBJECT_NAME,OBJECT_ID,NORAD_CAT_ID,OBJECT_TYPE,OPS_STATUS_CODE,OWNER,LAUNCH_DATE,LAUNCH_SITE,DECAY_DATE,PERIOD,INCLINATION,APOGEE,PERIGEE,RCS,DATA_STATUS_CODE,ORBIT_CENTER,ORBIT_TYPE
ATLAS CENTAUR 2,1963-047A,694,PAY,,US,1963-11-27,AFETR,,101.93,30.35,1244,456,6.3880,,EA,ORB
THOR AGENA D R/B,1964-002A,733,R/B,,US,1964-01-19,AFWTR,,100.41,99.11,802,755,4.4740,,EA,ORB
SL-3 R/B,1964-053B,877,R/B,,CIS,1964-08-28,TYMSC,,98.53,65.08,742,635,5.6361,,EA,ORB
SL-8 R/B,1967-045B,2802,R/B,,CIS,1967-05-15,PLMSC,,99.60,74.01,786,693,4.3558,,EA,ORB
SL-8 R/B,1968-040B,3230,R/B,,CIS,1968-05-07,PLMSC,,95.73,74.03,570,537,4.1110,,EA,ORB
OAO 2,1968-110A,3597,PAY,,US,1968-12-07,AFETR,,99.49,34.99,738,731,2.2880,,EA,ORB
ISIS 1,1969-009A,3669,PAY,,CA,1969-01-30,AFWTR,,127.38,88.43,3440,576,1.8530,,EA,ORB
SERT 2,1970-009A,4327,PAY,,US,1970-02-04,AFWTR,,105.98,99.29,1044,1037,4.4670,,EA,ORB
SL-3 R/B,1971-028B,5118,R/B,,CIS,1971-04-07,PLMSC,,90.96,81.23,326,317,6.3096,,EA,ORB
ASTEX 1,1971-089A,5560,PAY,,US,1971-10-17,AFWTR,,99.25,92.71,735,710,8.1520,,EA,ORB
SL-8 R/B,1971-119B,5730,R/B,,CIS,1971-12-27,PLMSC,,99.96,73.89,1140,373,5.2340,,EA,ORB
OAO 3 (COPERNICUS),1972-065A,6153,PAY,,US,1972-08-21,AFETR,,98.62,35.00,697,689,6.4200,,EA,ORB
ATLAS CENTAUR R/B,1972-065B,6155,R/B,,US,1972-08-21,AFETR,,97.42,35.00,659,612,11.5840,,EA,ORB
SL-8 R/B,1975-112B,8459,R/B,,CIS,1975-11-28,PLMSC,,100.12,74.06,775,753,4.0731,,EA,ORB
SL-3 R/B,1977-057B,10114,R/B,,CIS,1977-06-29,TYMSC,,92.91,97.59,421,413,5.9376,,EA,ORB
SEASAT 1,1978-064A,10967,PAY,-,US,1978-06-27,AFWTR,,99.56,108.01,740,736,9.4120,,EA,ORB
SL-14 R/B,1979-011B,11267,R/B,,CIS,1979-02-12,PLMSC,,96.51,82.52,604,579,4.0015,,EA,ORB
SL-8 R/B,1979-089B,11574,R/B,,CIS,1979-10-11,PLMSC,,99.83,74.07,762,739,4.6928,,EA,ORB
SL-14 R/B,1980-005B,11672,R/B,,CIS,1980-01-23,PLMSC,,96.57,82.51,605,584,3.8825,,EA,ORB
SL-8 R/B,1981-003B,12139,R/B,,CIS,1981-01-16,PLMSC,,94.87,82.93,677,348,5.4790,,EA,ORB
SL-3 R/B,1981-046B,12465,R/B,,CIS,1981-05-19,PLMSC,,93.13,81.23,439,416,5.3152,,EA,ORB
SL-3 R/B,1981-103B,12904,R/B,,CIS,1981-10-13,PLMSC,,94.55,81.16,505,489,5.3523,,EA,ORB
SL-3 R/B,1982-013B,13068,R/B,,CIS,1982-02-19,PLMSC,,94.53,81.17,510,481,4.5120,,EA,ORB
SL-3 R/B,1982-039B,13154,R/B,,CIS,1982-05-05,PLMSC,,95.30,81.15,554,512,5.2750,,EA,ORB
SL-3 R/B,1982-079B,13403,R/B,,CIS,1982-08-05,PLMSC,,94.33,81.14,502,470,5.8217,,EA,ORB
SL-14 R/B,1982-092B,13553,R/B,,CIS,1982-09-16,PLMSC,,96.85,82.57,621,594,4.0839,,EA,ORB
SL-3 R/B,1983-010B,13819,R/B,,CIS,1983-02-16,PLMSC,,92.79,81.10,421,401,5.4579,,EA,ORB
SL-3 R/B,1983-075B,14208,R/B,,CIS,1983-07-24,TYMSC,,93.36,97.61,452,426,6.0788,,EA,ORB
COSMOS 1536,1984-013A,14699,PAY,,CIS,1984-02-08,PLMSC,,94.36,82.54,496,479,6.2222,,EA,ORB
SL-14 R/B,1984-027B,14820,R/B,,CIS,1984-03-15,PLMSC,,96.90,82.54,623,598,3.8208,,EA,ORB
SL-8 R/B,1985-006B,15483,R/B,,CIS,1985-01-17,PLMSC,,100.15,74.04,778,753,4.5157,,EA,ORB
SL-12 R/B(2),1985-042D,15772,R/B,,CIS,1985-05-30,TYMSC,,101.26,71.11,843,794,13.1420,,EA,ORB
SL-14 R/B,1985-069B,15945,R/B,,CIS,1985-08-08,PLMSC,,96.87,82.53,621,596,4.2520,,EA,ORB
SL-16 R/B,1985-097B,16182,R/B,,CIS,1985-10-22,TYMSC,,101.65,71.00,844,830,10.9102,,EA,ORB
SL-14 R/B,1986-006B,16496,R/B,,CIS,1986-01-17,PLMSC,,96.84,82.53,659,555,4.0562,,EA,ORB
COSMOS 1743,1986-034A,16719,PAY,,CIS,1986-05-15,PLMSC,,91.18,82.52,335,330,7.7814,,EA,ORB
SL-14 R/B,1986-046B,16792,R/B,,CIS,1986-06-12,PLMSC,,96.92,82.48,626,596,4.4704,,EA,ORB
SL-14 R/B,1986-055B,16882,R/B,,CIS,1986-07-28,PLMSC,,96.92,82.52,624,598,4.2918,,EA,ORB
AJISAI (EGS),1986-061A,16908,PAY,+,JPN,1986-08-12,TANSC,,115.71,50.01,1496,1479,4.2280,,EA,ORB
SL-14 R/B,1987-024B,17567,R/B,,CIS,1987-03-03,PLMSC,,96.89,82.53,621,598,4.0990,,EA,ORB
COSMOS 1833,1987-027A,17589,PAY,,CIS,1987-03-18,TYMSC,,101.91,70.91,868,830,4.1063,,EA,ORB
SL-16 R/B,1987-027B,17590,R/B,,CIS,1987-03-18,TYMSC,,101.61,71.00,838,831,8.4627,,EA,ORB
SL-14 R/B,1987-038B,17912,R/B,,CIS,1987-04-27,PLMSC,,96.94,82.50,625,599,4.4461,,EA,ORB
COSMOS 1844,1987-041A,17973,PAY,,CIS,1987-05-13,TYMSC,,101.80,70.90,865,823,15.0575,,EA,ORB
SL-14 R/B,1987-055B,18153,R/B,,CIS,1987-07-01,PLMSC,,96.92,82.50,626,596,4.3795,,EA,ORB
COSMOS 1867,1987-060A,18187,PAY,,CIS,1987-07-10,TYMSC,,100.59,65.01,800,773,3.2930,,EA,ORB
SL-14 R/B,1988-001B,18749,R/B,,CIS,1988-01-06,PLMSC,,96.93,82.52,623,600,4.2105,,EA,ORB
COSMOS 1933,1988-020A,18958,PAY,,CIS,1988-03-15,PLMSC,,94.78,82.51,511,505,6.9470,,EA,ORB
SL-3 R/B,1988-032B,19046,R/B,,CIS,1988-04-20,TYMSC,,94.64,97.54,518,485,5.6314,,EA,ORB
SL-16 R/B,1988-039B,19120,R/B,,CIS,1988-05-15,TYMSC,,101.43,71.02,842,811,10.0080,,EA,ORB
COSMOS 1953,1988-050A,19210,PAY,,CIS,1988-06-14,PLMSC,,94.04,82.51,480,464,8.1311,,EA,ORB
SL-8 R/B,1988-053B,19257,R/B,,CIS,1988-06-21,PLMSC,,100.07,74.05,777,747,4.1610,,EA,ORB
COSMOS 1975,1988-093A,19573,PAY,,CIS,1988-10-11,PLMSC,,94.09,82.52,483,466,5.0143,,EA,ORB
SL-14 R/B,1988-093B,19574,R/B,,CIS,1988-10-11,PLMSC,,96.92,82.53,626,596,4.4950,,EA,ORB
SL-16 R/B,1988-102B,19650,R/B,,CIS,1988-11-23,TYMSC,,101.68,71.00,847,829,11.3883,,EA,ORB
INTERCOSMOS 24,1989-080A,20261,PAY,,CIS,1989-09-28,PLMSC,,114.31,82.61,2351,497,7.0390,,EA,ORB
SL-14 R/B,1989-080C,20262,R/B,,CIS,1989-09-28,PLMSC,,115.14,82.60,2427,497,4.4193,,EA,ORB
DELTA 1 R/B,1989-089B,20323,R/B,,US,1989-11-18,AFWTR,,99.26,97.07,772,674,8.3925,,EA,ORB
ARIANE 40 R/B,1990-005H,20443,R/B,,FR,1990-01-22,FRGUI,,100.00,98.28,765,752,9.7360,,EA,ORB
DELTA 2 R/B(1),1990-008B,20453,R/B,,US,1990-01-24,AFETR,,89.17,35.59,239,228,9.5315,,EA,ORB
COSMOS 2058,1990-010A,20465,PAY,,CIS,1990-01-30,PLMSC,,95.20,82.47,535,522,8.6028,,EA,ORB
SL-14 R/B,1990-010B,20466,R/B,,CIS,1990-01-30,PLMSC,,97.05,82.50,631,604,4.2310,,EA,ORB
SL-14 R/B,1990-018B,20511,R/B,,CIS,1990-02-28,PLMSC,,97.15,82.52,634,610,4.1323,,EA,ORB
HST,1990-037B,20580,PAY,+,US,1990-04-24,AFETR,,94.00,28.47,471,469,28.0799,,EA,ORB
SL-16 R/B,1990-046B,20625,R/B,,CIS,1990-05-22,TYMSC,,101.76,71.00,853,831,12.3842,,EA,ORB
COSMOS 2084,1990-055A,20663,PAY,,CIS,1990-06-21,PLMSC,,95.59,62.79,561,533,6.7111,,EA,ORB
SL-6 R/B(2),1990-055D,20666,R/B,,CIS,1990-06-21,PLMSC,,95.72,62.78,594,513,4.3200,,EA,ORB
SL-8 R/B,1990-078B,20775,R/B,,CIS,1990-08-28,PLMSC,,96.29,82.90,817,345,5.7465,,EA,ORB
SL-8 R/B,1991-006B,21088,R/B,,CIS,1991-01-29,PLMSC,,104.54,82.95,990,956,4.5400,,EA,ORB
OKEAN-3,1991-039A,21397,PAY,,CIS,1991-06-04,PLMSC,,95.63,82.51,559,540,8.2130,,EA,ORB
COSMOS 2151,1991-042A,21422,PAY,,CIS,1991-06-13,PLMSC,,95.96,82.50,574,555,5.6699,,EA,ORB
SL-14 R/B,1991-042B,21423,R/B,,CIS,1991-06-13,PLMSC,,97.17,82.50,634,612,4.2810,,EA,ORB
ERS-1,1991-050A,21574,PAY,-,ESA,1991-07-17,FRGUI,,100.03,98.78,782,738,10.3234,,EA,ORB
ARIANE 40 R/B,1991-050F,21610,R/B,,FR,1991-07-17,FRGUI,,99.79,98.18,751,746,14.2265,,EA,ORB
INTERCOSMOS 25,1991-086A,21819,PAY,,CIS,1991-12-18,PLMSC,,118.77,82.61,2815,437,7.3240,,EA,ORB
SL-8 R/B,1992-008B,21876,R/B,,CIS,1992-02-17,PLMSC,,104.65,82.92,1003,954,5.5940,,EA,ORB
SL-8 R/B,1992-020B,21938,R/B,,CIS,1992-04-15,PLMSC,,104.68,82.93,1002,957,3.9165,,EA,ORB
USA 81,1992-023A,21949,PAY,,US,1992-04-25,AFWTR,,100.53,85.01,786,782,,,EA,ORB
COSMOS 2219,1992-076A,22219,PAY,,CIS,1992-11-17,TYMSC,,101.83,71.06,860,831,6.5100,,EA,ORB
SL-16 R/B,1992-076B,22220,R/B,,CIS,1992-11-17,TYMSC,,101.63,71.00,844,828,12.8027,,EA,ORB
COSMOS 2221,1992-080A,22236,PAY,,CIS,1992-11-24,PLMSC,,96.21,82.50,586,567,6.9758,,EA,ORB
SL-16 R/B,1992-093B,22285,R/B,,CIS,1992-12-25,TYMSC,,101.73,71.02,845,837,9.0070,,EA,ORB
COSMOS 2228,1992-094A,22286,PAY,,CIS,1992-12-25,PLMSC,,96.14,82.52,585,562,4.6070,,EA,ORB
SL-16 R/B,1993-016B,22566,R/B,,CIS,1993-03-26,TYMSC,,101.74,71.01,849,834,10.9494,,EA,ORB
COSMOS 2242,1993-024A,22626,PAY,,CIS,1993-04-16,PLMSC,,96.18,82.52,586,565,8.3170,,EA,ORB
SL-16 R/B,1993-059B,22803,R/B,,CIS,1993-09-16,TYMSC,,101.60,70.99,849,821,9.7827,,EA,ORB
ARIANE 40 R/B,1993-061H,22830,R/B,,FR,1993-09-26,FRGUI,,100.49,98.47,790,774,9.2640,,EA,ORB
COSMOS 2278,1994-023A,23087,PAY,,CIS,1994-04-23,TYMSC,,101.81,71.05,849,839,12.7967,,EA,ORB
SL-16 R/B,1994-023B,23088,R/B,,CIS,1994-04-23,TYMSC,,101.76,71.00,846,839,10.2638,,EA,ORB
SL-16 R/B,1994-074B,23343,R/B,,CIS,1994-11-04,TYMSC,,97.33,97.69,634,627,8.2320,,EA,ORB
SL-16 R/B,1994-077B,23405,R/B,,CIS,1994-11-24,TYMSC,,101.72,70.98,843,837,8.5057,,EA,ORB
ARIANE 40+ R/B,1995-021B,23561,R/B,,FR,1995-04-21,FRGUI,,100.01,98.43,763,755,13.8920,,EA,ORB
SL-16 R/B,1995-058B,23705,R/B,,CIS,1995-10-31,TYMSC,,101.73,71.02,849,832,9.5480,,EA,ORB
SL-16 R/B,1996-051B,24298,R/B,,CIS,1996-09-04,TYMSC,,101.95,70.77,864,838,8.4888,,EA,ORB
ORBVIEW 2 (SEASTAR),1997-037A,24883,PAY,-,US,1997-08-01,WRAS,,100.31,98.88,775,771,2.6748,,EA,ORB
SL-16 R/B,1998-043G,25400,R/B,,CIS,1998-07-10,TYMSC,,100.98,98.85,813,797,9.9528,,EA,ORB
SL-16 R/B,1998-045B,25407,R/B,,CIS,1998-07-28,TYMSC,,101.68,71.01,842,834,11.3423,,EA,ORB
ISS (ZARYA),1998-067A,25544,PAY,+,ISS,1998-11-20,TYMSC,,92.98,51.63,425,416,399.0524,,EA,ORB
CZ-4B R/B,1999-025C,25732,R/B,,PRC,1999-05-10,TAISC,,101.53,98.64,859,804,6.0514,,EA,ORB
OKEAN-O,1999-039A,25860,PAY,,CIS,1999-07-17,TYMSC,,97.26,97.92,629,626,18.3740,,EA,ORB
SL-16 R/B,1999-039B,25861,R/B,,CIS,1999-07-17,TYMSC,,97.17,97.97,633,614,12.3440,,EA,ORB
DELTA 2 R/B,1999-041E,25876,R/B,,US,1999-07-25,AFETR,,101.96,51.76,1213,490,8.6876,,EA,ORB
HELIOS 1B,1999-064A,25977,PAY,-,FR,1999-12-03,FRGUI,,96.76,98.15,605,602,6.7564,,EA,ORB
TERRA,1999-068A,25994,PAY,X,US,1999-12-18,AFWTR,,98.55,97.93,690,688,12.4440,,EA,ORB
SL-16 R/B,2000-006B,26070,R/B,,CIS,2000-02-03,TYMSC,,101.71,71.01,853,826,10.3713,,EA,ORB
TITAN 4B R/B,2000-047B,26474,R/B,,US,2000-08-17,AFWTR,,95.32,67.99,562,507,13.7878,,EA,ORB
ENVISAT,2002-009A,27386,PAY,-,ESA,2002-03-01,FRGUI,,100.06,98.40,762,761,18.5970,,EA,ORB
IDEFIX & ARIANE 42P R/B,2002-021B,27422,PAY,-,FR,2002-05-04,FRGUI,,100.62,98.60,796,780,7.7882,,EA,ORB
AQUA,2002-022A,27424,PAY,+,US,2002-05-04,AFWTR,,98.48,98.44,687,685,7.8419,,EA,ORB
CZ-4B R/B,2002-024C,27432,R/B,,PRC,2002-05-15,TAISC,,101.80,98.86,880,807,6.1808,,EA,ORB
MIDORI II (ADEOS-II),2002-056A,27597,PAY,-,JPN,2002-12-14,TANSC,,100.74,98.80,795,792,17.2870,,EA,ORB
H-2A R/B,2002-056E,27601,R/B,,JPN,2002-12-14,TANSC,,100.43,98.35,828,730,24.5997,,EA,ORB
CZ-4B R/B,2003-049C,28059,R/B,,PRC,2003-10-21,TAISC,,98.96,98.70,742,675,5.8035,,EA,ORB
SL-16 R/B,2004-021B,28353,R/B,,CIS,2004-06-10,TYMSC,,101.79,71.00,846,841,8.3023,,EA,ORB
CZ-4B R/B,2004-035C,28415,R/B,,PRC,2004-09-08,TAISC,,94.00,97.33,489,451,4.0780,,EA,ORB
CZ-2C R/B,2004-046B,28480,R/B,,PRC,2004-11-18,XICLF,,100.91,98.18,901,702,10.0454,,EA,ORB
ARIANE 5 R/B,2004-049H,28499,R/B,,FR,2004-12-18,FRGUI,,96.93,98.28,671,553,16.0376,,EA,ORB
CZ-2D R/B,2005-024B,28738,R/B,,PRC,2005-07-05,JSC,,90.84,97.34,316,315,12.1770,,EA,ORB
ALOS (DAICHI),2006-002A,28931,PAY,-,JPN,2006-01-24,TANSC,,97.94,98.15,661,659,13.5930,,EA,ORB
H-2A R/B,2006-002B,28932,R/B,,JPN,2006-01-24,TANSC,,94.78,98.27,541,474,15.7388,,EA,ORB
RESURS-DK 1,2006-021A,29228,PAY,P,CIS,2006-06-15,TYMSC,,95.14,69.93,528,523,8.7657,,EA,ORB
CZ-4B R/B,2006-046C,29507,R/B,,PRC,2006-10-23,TAISC,,94.83,97.53,531,489,3.9510,,EA,ORB
CZ-2C R/B,2007-010B,31114,R/B,,PRC,2007-04-11,TAISC,,101.39,98.42,867,781,7.8070,,EA,ORB
COSMO-SKYMED 1,2007-023A,31598,PAY,+,IT,2007-06-08,AFWTR,,96.16,97.88,575,574,4.6820,,EA,ORB
COSMOS 2428,2007-029A,31792,PAY,+,CIS,2007-06-29,TYMSC,,101.91,70.94,858,840,6.4839,,EA,ORB
SL-16 R/B,2007-029B,31793,R/B,,CIS,2007-06-29,TYMSC,,101.78,70.97,844,841,8.6948,,EA,ORB
KORONAS-FOTON,2009-003A,33504,PAY,-,CIS,2009-01-30,PLMSC,,93.03,82.43,430,415,4.1823,,EA,ORB
CZ-2C R/B,2011-030B,37731,R/B,,PRC,2011-07-06,JSC,,97.19,97.88,661,587,8.4175,,EA,ORB
H-2A R/B,2012-025E,38341,R/B,,JPN,2012-05-17,TANSC,,96.25,98.50,609,549,17.1520,,EA,ORB
SHIJIAN-16 (SJ-16),2013-057A,39358,PAY,+,PRC,2013-10-25,JSC,,96.46,74.97,601,578,8.2723,,EA,ORB
SL-4 R/B,2014-021B,39679,R/B,,CIS,2014-04-16,TYMSC,,93.24,51.61,492,375,10.2641,,EA,ORB
ALOS-2,2014-029A,39766,PAY,+,JPN,2014-05-24,TANSC,,97.33,97.92,632,630,4.0960,,EA,ORB
YAOGAN-29,2015-069A,41038,PAY,+,PRC,2015-11-26,TAISC,,97.09,98.00,621,618,5.0279,,EA,ORB
ASTRO-H (HITOMI),2016-012A,41337,PAY,-,JPN,2016-02-17,TANSC,,95.31,31.00,540,527,6.1649,,EA,ORB
HXMT (HUIYAN),2017-034A,42758,PAY,+,PRC,2017-06-15,JSC,,94.78,43.01,529,487,,,EA,ORB
SAOCOM 1A,2018-076A,43641,PAY,+,ARGN,2018-10-08,AFWTR,,97.16,97.89,624,622,,,EA,ORB
H-2A R/B,2018-084L,43682,R/B,,JPN,2018-10-29,TANSC,,92.95,98.84,433,405,,,EA,ORB
SAOCOM 1B,2020-059A,46265,PAY,+,ARGN,2020-08-30,AFETR,,97.16,97.89,624,622,,,EA,ORB
CSS (TIANHE),2021-035A,48274,PAY,+,PRC,2021-04-29,WSC,,92.29,41.47,388,386,,,EA,ORB
COSMOS 2550,2021-056A,48865,PAY,+,CIS,2021-06-25,PLMSC,,93.88,67.14,470,459,,,EA,ORB
CZ-2C R/B,2022-058K,52794,R/B,,PRC,2022-06-02,XICLF,,91.69,50.18,377,338,,,EA,ORB
CZ-2C R/B,2022-132E,54039,R/B,,PRC,2022-10-12,TAISC,,90.61,97.29,310,299,,,EA,ORB
GSLV R/B,2022-138AN,54149,R/B,,IND,2022-10-22,SRILR,,96.15,87.37,591,558,,,EA,ORB
XRISM,2023-137A,57800,PAY,+,JPN,2023-09-06,TANSC,,95.16,31.00,531,521,,,EA,ORB
ACS3,2024-077B,59588,PAY,+,US,2024-04-23,RLLB,,102.99,97.24,932,868,,,EA,ORB
SPACEMOBILE-003,2024-163A,61045,PAY,+,US,2024-09-12,AFETR,,94.71,52.97,510,499,,,EA,ORB
SPACEMOBILE-005,2024-163B,61046,PAY,+,US,2024-09-12,AFETR,,94.71,52.98,512,497,,,EA,ORB
SPACEMOBILE-001,2024-163C,61047,PAY,+,US,2024-09-12,AFETR,,94.71,52.97,511,499,,,EA,ORB
SPACEMOBILE-002,2024-163D,61048,PAY,+,US,2024-09-12,AFETR,,94.71,52.97,510,499,,,EA,ORB
SPACEMOBILE-004,2024-163E,61049,PAY,+,US,2024-09-12,AFETR,,94.71,52.97,511,498,,,EA,ORB
CZ-8A R/B,2025-231K,66004,R/B,,PRC,2025-10-16,WSC,,100.69,50.00,875,707,,,EA,ORB
SZ-21 MODULE,2025-246C,66515,PAY,+,PRC,2025-10-31,JSC,,90.67,41.47,314,301,,,EA,ORB
SPACEMOBILE-006,2025-309A,67232,PAY,+,US,2025-12-24,SRILR,,94.80,52.99,517,501,,,EA,ORB
SPACEMOBILE-008,2026-139A,69589,PAY,+,US,2026-06-17,AFETR,,95.17,52.99,529,525,,,EA,ORB
SPACEMOBILE-009,2026-139B,69590,PAY,+,US,2026-06-17,AFETR,,95.18,52.99,529,525,,,EA,ORB
SPACEMOBILE-010,2026-139C,69591,PAY,+,US,2026-06-17,AFETR,,95.19,52.99,530,526,,,EA,ORB
